{
  "frame_id": "base_link",
  "sampling_mode": "forward_kinematics_random_joint_sampling",
  "source_urdf": "jz_descripetion/robot_urdf/urdf/robot_model_isaac_v2.urdf",
  "seed": 42,
  "voxel_size_m": 0.04,
  "joint_margin_threshold": 0.05,
  "candidate_box": {
    "x": [
      0.3,
      1.0
    ],
    "y_abs": [
      0.3,
      0.9
    ],
    "z": [
      0.85,
      1.55
    ]
  },
  "left_train_positions": [
    [
      0.9284467491230787,
      0.5866390429715985,
      1.302296268461509
    ],
    [
      0.8096980016131677,
      0.5768726719008399,
      1.28165543592256
    ],
    [
      0.8362824034450488,
      0.6073247035872955,
      1.2926906482278602
    ],
    [
      0.707608342020151,
      0.5632503871248513,
      1.430145429159252
    ],
    [
      0.38281919483294136,
      0.6751159029836287,
      1.1687983612845385
    ],
    [
      0.6841793785912661,
      0.604422152869887,
      1.4846100214331563
    ],
    [
      0.4027628005261463,
      0.7861791830141979,
      0.8776688136947135
    ],
    [
      0.9483364698931308,
      0.5263789951154609,
      1.35706758723883
    ],
    [
      0.36171700112918337,
      0.6904171640817225,
      1.3332540254305598
    ],
    [
      0.5641171211328571,
      0.7427323623676382,
      1.2828513958062668
    ],
    [
      0.4299753487547749,
      0.8729157853799988,
      1.381746209419962
    ],
    [
      0.7044085151104367,
      0.7156203560705168,
      1.284259067905167
    ],
    [
      0.6649260583618879,
      0.7819754312283377,
      1.5319198884978977
    ],
    [
      0.3614913781064365,
      0.7675486217228833,
      1.190440754644355
    ],
    [
      0.8345463272756453,
      0.6934651063134117,
      1.506350041445661
    ],
    [
      0.8201739180209607,
      0.3926227809779266,
      1.277066351449868
    ],
    [
      0.8735505347090312,
      0.7040868979665341,
      1.5432005666116697
    ],
    [
      0.4458658740921816,
      0.42277307452754254,
      1.0818837968450923
    ],
    [
      0.5914735722412973,
      0.4120338021033031,
      0.8550500501694251
    ],
    [
      0.5652298637175786,
      0.48233732980180166,
      1.1778054361479329
    ],
    [
      0.48005701057408134,
      0.7004138045131469,
      1.4839167447028923
    ],
    [
      0.6583750715351305,
      0.5668062497340995,
      1.3702652026882856
    ],
    [
      0.918085059819164,
      0.6327687340536994,
      1.3171170693655736
    ],
    [
      0.3108739923446016,
      0.8588435562932619,
      1.2512529976606062
    ],
    [
      0.5698667225341958,
      0.5876856390651528,
      0.9016490168495732
    ],
    [
      0.4200430705666063,
      0.8740009276811516,
      1.4221728520659875
    ],
    [
      0.7072425855464008,
      0.5395214982364037,
      1.1804228508093755
    ],
    [
      0.4623568685482533,
      0.8900447103900526,
      1.4330154173616925
    ],
    [
      0.6903293459482381,
      0.7623302503837851,
      1.4791806061697939
    ],
    [
      0.5477008421911279,
      0.7807877537451241,
      1.3027563985509012
    ],
    [
      0.7898579001564533,
      0.43998781390799124,
      1.5301372612750508
    ],
    [
      0.5326309037934787,
      0.8895610225156738,
      1.3490778009893432
    ],
    [
      0.5642932215032352,
      0.6965865466286967,
      0.8763742831340172
    ],
    [
      0.3717592876434261,
      0.7903519970836832,
      1.069508769001902
    ],
    [
      0.5039168903390501,
      0.7456560322403076,
      1.206317513378597
    ],
    [
      0.5379403981115631,
      0.8913104203523081,
      1.2422714409907343
    ],
    [
      0.5028619373053621,
      0.6848146022485986,
      1.5470883260518695
    ],
    [
      0.36597639070327753,
      0.6079535397947583,
      0.9978755106394694
    ],
    [
      0.435080875676223,
      0.6324045806954797,
      1.3753528521518972
    ],
    [
      0.4280808173449271,
      0.5601018655875175,
      0.8657496834103462
    ],
    [
      0.7167842192268324,
      0.6934924156238937,
      0.9504344871688293
    ],
    [
      0.8234602144154739,
      0.5061383399997207,
      1.51114514622452
    ],
    [
      0.6975861570516128,
      0.6263471032454826,
      1.3099118708617734
    ],
    [
      0.34714124809829117,
      0.8581007032575854,
      1.201226255510307
    ],
    [
      0.8861401383964594,
      0.693823235104314,
      1.4419996801867878
    ],
    [
      0.5542376116362875,
      0.5634802259237335,
      1.304419334412173
    ],
    [
      0.8688014158130267,
      0.5931083762861895,
      1.3090185475709863
    ],
    [
      0.6803680120720762,
      0.3255310987431115,
      1.1236587122698587
    ],
    [
      0.7497403625218683,
      0.34614166333169194,
      1.0768275579230826
    ],
    [
      0.46809143336037495,
      0.6534010972303176,
      1.123102139887447
    ],
    [
      0.567010565540992,
      0.4504728749363356,
      0.9531674364171961
    ],
    [
      0.7680982472961101,
      0.6120451037991067,
      1.2553628079782346
    ],
    [
      0.8021041197973046,
      0.46864076374292807,
      1.0228110758944298
    ],
    [
      0.37551449356101024,
      0.8502024400011217,
      1.4493205100286892
    ],
    [
      0.4964543555136006,
      0.47279687814386484,
      0.8751107414824767
    ],
    [
      0.8376696164646448,
      0.6211767567568864,
      1.5413495103994688
    ],
    [
      0.5069291015745563,
      0.604485993756327,
      1.4960498718577773
    ],
    [
      0.6991977454964071,
      0.8753663283682842,
      1.478913193803002
    ],
    [
      0.7227997291231407,
      0.5118800635901191,
      1.3897355578467696
    ],
    [
      0.32148310495184845,
      0.6525224279818536,
      1.0701680578148811
    ],
    [
      0.6557048458150658,
      0.3128007305756746,
      1.2036823208339409
    ],
    [
      0.6364030686313251,
      0.5987745163673079,
      1.4851535451337525
    ],
    [
      0.4628533216784807,
      0.6245176780940975,
      1.0258068790478168
    ],
    [
      0.581624279789801,
      0.8356340464299223,
      1.1136444727127408
    ]
  ],
  "left_eval_positions": [
    [
      0.8370240242691719,
      0.38451964674097716,
      1.4992721855667615
    ],
    [
      0.41278608711554465,
      0.8239087244630029,
      1.1567633096327907
    ],
    [
      0.42847323185392716,
      0.6487958638306801,
      1.1333801503980427
    ],
    [
      0.603033759065819,
      0.7496818091647961,
      1.0565942218499862
    ],
    [
      0.42239787634667203,
      0.881512835063823,
      1.3182507392330125
    ],
    [
      0.4472278910897759,
      0.7886540315190829,
      1.3919713623465046
    ],
    [
      0.5293976164782823,
      0.30422427445899947,
      0.9511455277349126
    ],
    [
      0.3210900513623787,
      0.7454006135287178,
      1.2824978179227908
    ],
    [
      0.5526718532001383,
      0.5072358543243449,
      1.1166908411276695
    ],
    [
      0.6443801367002007,
      0.37384461714813333,
      1.4451868536958257
    ],
    [
      0.37332665441266577,
      0.7910598651225715,
      1.3538483463671653
    ],
    [
      0.34265013738197125,
      0.33804301863252395,
      1.0798915394967263
    ],
    [
      0.6478855115952817,
      0.3618918544543076,
      1.3682354719871848
    ],
    [
      0.8683852416392399,
      0.7611491173389395,
      1.5400090776520727
    ],
    [
      0.6146443623785051,
      0.7208651323658795,
      1.4017607949116795
    ],
    [
      0.5997690061084403,
      0.7117274189477653,
      1.0865073352674246
    ]
  ],